Activity ID,Activity Date,Activity Name,Activity Type,Activity Description,Elapsed Time,Distance,Max Heart Rate,Relative Effort,Commute,Activity Private Note,Activity Gear,Filename,Athlete Weight,Bike Weight,Elapsed Time,Moving Time,Distance,Max Speed,Average Speed,Elevation Gain,Elevation Loss,Elevation Low,Elevation High,Max Grade,Average Grade,Average Positive Grade,Average Negative Grade,Max Cadence,Average Cadence,Max Heart Rate,Average Heart Rate,Max Watts,Average Watts,Calories,Max Temperature,Average Temperature,Relative Effort,Total Work,Number of Runs,Uphill Time,Downhill Time,Other Time,Perceived Exertion,Type,Start Time,Weighted Average Power,Power Count,Prefer Perceived Exertion,Perceived Relative Effort,Commute,Total Weight Lifted,From Upload,Grade Adjusted Distance,Weather Observation Time,Weather Condition,Weather Temperature,Apparent Temperature,Dewpoint,Humidity,Weather Pressure,Wind Speed,Wind Gust,Wind Bearing,Precipitation Intensity,Sunrise Time,Sunset Time,Moon Phase,Bike,Gear,Precipitation Probability,Precipitation Type,Cloud Cover,Weather Visibility,UV Index,Weather Ozone,Jump Count,Total Grit,Average Flow,Flagged,Average Elapsed Speed,Dirt Distance,Newly Explored Distance,Newly Explored Dirt Distance,Activity Count,Total Steps,Carbon Saved,Pool Length,Training Load,Intensity,Average Grade Adjusted Pace,Timer Time,Total Cycles,Media
11288364028,"Apr 29, 2024, 5:14:04 AM",Morning Run,Run,"",2025,6.00,,,false,,,activities/11288364028.gpx,,,2025.0,1935.0,6007.9599609375,5.556005954742432,3.104888916015625,44.63056564331055,60.64560317993164,1.600000023841858,62.70000076293945,23.33333396911621,-0.29960253834724426,,,,,,,,,,,,,,,,,,,,,,,0.0,,0.0,,1.0,6150.7001953125,,,,,,,,,,,,,,,,,,,,,,,,,,0.0,2.9668939113616943,839.5999755859375,,,,5200.0,,,,,3.1786563396453857,,,media/6DD4200E-5443-4D7C-A824-B0396B6B3839.jpg|media/07933B7E-5C11-4BD5-B8E7-72BB48F6F9CE.jpg
11327182053,"May 4, 2024, 6:54:55 AM",Morning Run,Run,"",1759,5.83,,,false,,,activities/11327182053.gpx,,,1759.0,1752.0,5838.10986328125,9.160009384155273,3.332254409790039,31.37900733947754,93.1227035522461,3.799999952316284,67.4000015258789,17.82696533203125,-1.0688390731811523,,,,,,,,,,,,,,,,,,,,,,,0.0,,0.0,,1.0,5813.89990234375,,,,,,,,,,,,,,,,,,,,,,,,,,0.0,3.31899356842041,631.4000244140625,,,,4762.0,,,,,3.3184361457824707,,,media/995194E5-1508-44C3-A0F0-B2795E0C2E39.jpg
11354165092,"May 7, 2024, 4:31:09 PM",Evening Run,Run,"",827,3.01,,,false,,,activities/11354165092.gpx,,,827.0,820.0,3013.3701171875,6.539999485015869,3.6748416423797607,0.0,62.42856979370117,3.0,67.80000305175781,2.260735273361206,-2.150416135787964,,,,,,,,,,,,,,,,,,,,,,,0.0,,0.0,,1.0,2945.199951171875,,,,,,,,,,,,,,,,,,,,,,,,,,0.0,3.6437366008758545,456.8999938964844,,,,2280.0,,,,,3.591707229614258,,,media/F2F78DC7-C6E4-493F-B42C-F096B761C3EB.jpg|media/237EBC57-57BD-470B-B176-829BE0B52423.jpg
11371024533,"May 9, 2024, 4:22:16 PM","Løp på mølle, etter skolen💖",Run,"Løp 8 km med 1,5 stigning på mølle",2620,8.00,,,false,,,,,,2620.0,2620.0,8000.0,,3.0534350872039795,,,,,,0.0,,,,,,,,,,,,,,,,,,7.0,,,,,0.0,83.0,0.0,,0.0,,,,,,,,,,,,,,,,,,,,,,,,,,,0.0,3.0534350872039795,0.0,,,,,,,,,,,,""
11402044804,"May 13, 2024, 2:30:00 PM",Løp på mølle etter skole🤓,Run,"",1630,5.00,,,false,,,,,,1630.0,1630.0,5000.0,,3.0674846172332764,,,,,,0.0,,,,,,,,,,,,,,,,,,4.0,,,,,0.0,18.0,0.0,,0.0,,,,,,,,,,,,,,,,,,,,,,,,,,,0.0,3.0674846172332764,0.0,,,,,,,,,,,,""
11425811688,"May 16, 2024, 4:58:18 PM",Bratte bakker med martin,Run,,1931,5.29,,,false,,,activities/11425811688.gpx,,,1931.0,1911.0,5290.16015625,5.816998481750488,2.76826810836792,149.4350128173828,149.4550018310547,50.0,126.5,20.51860809326172,1.0528981685638428,,,,,,,,,,,,,,,,,,,,,,,,,0.0,,1.0,5874.0,,,,,,,,,,,,,,,,,,,,,,,,,,0.0,2.739596128463745,2125.39990234375,,,,5006.0,,,,,3.0737833976745605,,,media/683F2556-A97F-4A2F-A2D1-0495EBBD815F.jpg|media/A4EB0B08-281B-4F77-B376-1F6A2D2E5B10.jpg
11447612172,"May 19, 2024, 12:34:48 PM",Templarheimen-telegrafbukta-sentrum,Run,"Gikk som smuurt, føltes veldig bra heleveien",3163,10.01,,,false,Ny pr,,activities/11447612172.gpx,,,3163.0,3150.0,10012.5302734375,10.52001953125,3.1785809993743896,37.931861877441406,37.96028518676758,1.7999999523162842,67.4000015258789,12.31651782989502,-0.5862653851509094,,,,,,,,,,,,,,,,,,,,,,,,,0.0,,1.0,9977.7998046875,,,,,,,,,,,,,,,,,,,,,,,,,,0.0,3.1655170917510986,2436.0,,,,8510.0,,,,,3.167555570602417,,,media/B119778F-2011-4784-A434-0425CFFEF1EF.jpg|media/B9C145EB-6667-4618-9BAC-ED4D635B4F6B.jpg
11463824675,"May 21, 2024, 2:31:21 PM",Afternoon Run,Run,6 grader ute og shorts☀️ grei pace,2104,6.00,,,false,,,activities/11463824675.gpx,,,2104.0,2092.0,6004.33984375,4.728003025054932,2.870143413543701,66.00287628173828,66.02191925048828,2.0999999046325684,62.20000076293945,26.649316787719727,0.29145586490631104,,,,,,,,,,,,,,,,,,,,,,,,,0.0,,1.0,6275.7001953125,,,,,,,,,,,,,,,,,,,,,,,,,,0.0,2.853773593902588,1156.300048828125,,,,5292.0,,,,,2.99985671043396,,,media/35529E64-4AC9-44A6-A285-F92AB1BC56A3.jpg
11478659771,"May 23, 2024, 12:47:45 PM",Løp te telegrafbukta,Run,20 varmegrader ute! Så ble et lite bad når me var komt frem☀️,1674,5.02,,,false,,,activities/11478659771.gpx,,,1674.0,1646.0,5027.14013671875,4.610986232757568,3.0541555881500244,25.106109619140625,55.566898345947266,13.5,46.29999923706055,16.501657485961914,-0.620631217956543,,,,,,,,,,,,,,,,,,,,,,,0.0,,0.0,,1.0,5015.39990234375,1716465664.0,3.0,16.290000915527344,15.470000267028809,7.389999866485596,0.5600000023841858,1012.969970703125,5.0,7.820000171661377,198.0,0.0,,,0.375,,,0.47999998927116394,5.0,0.800000011920929,27468.0,3.0,,,,,0.0,3.003070592880249,343.6000061035156,,,,4334.0,,,,,3.047023057937622,,,media/93067FFF-C006-48D1-BC72-9D3C6641B21F.mp4|media/93B2EA35-6F7B-49AE-BED1-261550F82E86.jpg
11491349434,"May 25, 2024, 8:00:08 AM",Morning Run,Run,Endelig har snøen smelta i lysløypå!🏃‍♂️❤️,1904,6.00,,,false,,,activities/11491349434.gpx,,,1904.0,1904.0,6008.10009765625,6.417999267578125,3.155514717102051,70.02014923095703,70.02014923095703,60.400001525878906,110.4000015258789,11.546391487121582,0.27962249517440796,,,,,,,,,,,,,,,,,,3.0,,,,,0.0,15.0,0.0,,1.0,6179.39990234375,1716624000.0,3.0,4.929999828338623,2.809999942779541,1.1299999952316284,0.7599999904632568,1030.5899658203125,2.490000009536743,5.539999961853027,273.0,0.0,,,0.625,,,0.14000000059604645,5.0,0.8799999952316284,32117.0,2.0,,,,,0.0,3.155514717102051,4972.2001953125,,,,5254.0,,,,,3.245483160018921,,,""
11504674828,"May 26, 2024, 6:26:35 PM",Evening Run,Run,,1498,5.00,,,false,,,activities/11504674828.gpx,,,1498.0,1490.0,5004.68994140625,5.358007907867432,3.3588523864746094,37.77447509765625,37.77447509765625,91.4000015258789,110.4000015258789,10.145546913146973,-0.021979384124279022,,,,,,,,,,,,,,,,,,,,,,,,,0.0,,1.0,5074.7998046875,1716746368.0,1.0,12.869999885559082,11.9399995803833,4.610000133514404,0.5699999928474426,1021.030029296875,1.2699999809265137,3.049999952316284,318.0,0.0,,,0.625,,,0.0,1.0,0.009999999776482582,32808.0,0.0,,,,,0.0,3.340914487838745,4850.0,,,,4102.0,,,,,3.4059059619903564,,,media/46284B7B-0370-4C5C-A8FA-CEC23766BA1B.jpg
11518449873,"May 28, 2024, 4:55:00 PM",Løp i solå,Run,"Gikk veldig bra, var sykt varmt da",2188,6.83,,,false,,,activities/11518449873.gpx,,,2188.0,2161.0,6838.77001953125,5.341992378234863,3.1646320819854736,81.5164794921875,81.5164794921875,60.5,110.4000015258789,37.5940055847168,0.016084764152765274,,,,,,,,,,,,,,,,,,,,,,,,,0.0,,1.0,7116.2001953125,1716912000.0,1.0,17.260000228881836,16.729999542236328,10.289999961853027,0.6399999856948853,1012.3499755859375,1.399999976158142,2.930000066757202,342.0,0.0,,,0.625,,,0.2800000011920929,5.0,0.05999999865889549,26512.0,1.0,,,,,0.0,3.1255805492401123,5414.7001953125,,,,5760.0,,,,,3.2930123805999756,,,media/15FA89F4-91F7-45A1-8C6C-525272512726.jpg|media/D93C47D9-079F-4E92-B092-12A6E562974C.jpg
11535082647,"May 30, 2024, 6:26:47 PM",restutisjonsløp💪☀️,Run,,1777,3.86,,,false,,,activities/11535082647.gpx,,,1777.0,1729.0,3862.9599609375,4.761987209320068,2.2342162132263184,40.441226959228516,40.441226959228516,3.700000047683716,107.30000305175781,13.630719184875488,-2.2961666584014893,,,,,,,,,,,,,,,,,,,,,,,,,0.0,,1.0,3878.5,1717091968.0,2.0,13.460000038146973,12.84000015258789,8.680000305175781,0.7300000190734863,1012.3400268554688,1.4900000095367432,2.890000104904175,339.0,0.09000000357627869,,,0.625,,,0.15000000596046448,5.0,0.44999998807907104,29032.0,0.0,,,,,0.0,2.173866033554077,3242.199951171875,,,,4534.0,,,,,2.243204116821289,,,""
11539555466,"May 31, 2024, 11:27:34 AM",Løp te polet,Run,"Perf temp, sto og venta på verdens lengste røde lys🙄 løp litt i skauen, en del på grussti og asfalt på slutten. Litt støl i kroppen😮‍💨",3002,9.01,,,false,,,activities/11539555466.gpx,,,3002.0,2962.0,9012.4697265625,6.9580078125,3.0426974296569824,64.08453369140625,166.0178680419922,2.700000047683716,134.8000030517578,30.75541877746582,-1.118450403213501,,,,,,,,,,,,,,,,,,,,,,,0.0,,0.0,,1.0,9097.5,1717153152.0,2.0,14.359999656677246,13.6899995803833,8.4399995803833,0.6800000071525574,1018.22998046875,2.009999990463257,3.8399999141693115,339.0,0.0,,,0.75,,,0.23999999463558197,5.0,0.5799999833106995,26110.0,3.0,,,,,0.0,3.002155065536499,6125.10009765625,,,,7870.0,,,,,3.071404457092285,,,media/A923B9E7-3983-4473-8C5F-FC5A020C2991.jpg|media/D5174C9E-9542-4D3E-B0AC-4BFBCCF8A728.jpg
11563861067,"Jun 3, 2024, 2:55:18 PM",Afternoon Run,Run,Løp innom butikken og hjem,1712,4.44,,,false,,,activities/11563861067.gpx,,,1712.0,1495.0,4444.81982421875,5.556005954742432,2.973123550415039,63.247467041015625,63.247467041015625,90.69999694824219,126.5,25.745256423950195,0.7941828966140747,,,,,,,,,,,,,,,,,,,,,,,,,0.0,,1.0,4629.89990234375,1717423232.0,3.0,11.220000267028809,10.479999542236328,6.519999980926514,0.7300000190734863,1002.0900268554688,3.0899999141693115,6.630000114440918,221.0,0.1899999976158142,,,0.875,,,0.5400000214576721,5.0,0.8999999761581421,32469.0,2.0,,,,,0.0,2.596273183822632,2832.800048828125,,,,3982.0,,,,,3.0969231128692627,,,media/562F0A5A-0779-4737-9810-826C394AC7CD.jpg|media/9DD7888F-FC49-4ECC-AEE1-E4C38F2695F6.jpg
11597675325,"Jun 7, 2024, 5:41:10 PM",tebake i stavaaaangeeeRRRRR!!!,Run,"Nice å løpe i sørmarkå igjen🌿🌳, men sattan for noen bakker🥵",2160,6.74,,,false,,,activities/11597675325.gpx,,,2160.0,2133.0,6748.4501953125,4.993994235992432,3.163830280303955,107.98245239257812,107.98245239257812,29.100000381469727,109.4000015258789,20.454431533813477,0.0,,,,,,,,,,,,,,,,,,7.0,,,,,0.0,68.0,0.0,,1.0,7042.2998046875,1717779584.0,2.0,11.970000267028809,11.210000038146973,6.5,0.6899999976158142,1007.8300170898438,4.340000152587891,7.429999828338623,215.0,0.05999999865889549,1717727360.0,1717793024.0,0.125,,,0.7599999904632568,5.0,0.46000000834465027,21261.0,1.0,,,,,0.0,3.1242825984954834,2526.39990234375,,,,5640.0,,,,,3.3015940189361572,,,media/1C7F6E96-FF99-4238-85EE-9433D2BD6D26.jpg|media/A759DFC6-4224-43FA-8CFA-18F8985C8056.jpg|media/4BF80DFD-3A7A-4E76-B2AF-E3286058BD14.jpg|media/73F9B4BA-16CB-4724-9BBF-02EF286E3CE9.jpg
11612344724,"Jun 9, 2024, 1:28:23 PM",Dagen derpå… tungt det😮‍💨,Run,Var ganske tungt. Mem deilig at det var mye vind og regna litt. Jogga te godalen og stoppa litt der også sprang eg tebake.,2996,8.00,,,false,,,activities/11612344724.gpx,,,2996.0,2611.0,8000.1201171875,6.352002143859863,3.0640060901641846,65.08065032958984,65.08065032958984,1.2000000476837158,29.0,18.290205001831055,-0.0024999624583870173,,,,,,,,,,,,,,,,,,7.0,,,,,0.0,83.0,0.0,,1.0,8175.7998046875,1717938048.0,3.0,12.40999984741211,11.710000038146973,7.420000076293945,0.7200000286102295,995.2100219726562,6.380000114440918,11.359999656677246,282.0,0.23999999463558197,1717900032.0,1717965952.0,0.125,,,0.8899999856948853,5.0,0.8600000143051147,27851.0,3.0,,,,,0.0,2.670267105102539,6539.0,,,,6942.0,,,,,3.1312906742095947,,,media/F9A7C297-147C-4542-B3B5-2F6C7D0FCDE3.jpg|media/1FB480D7-C328-42C5-8A9B-01151C5FDB2F.jpg|media/DE99BC39-5951-496E-BC97-495C7FB4BD5D.jpg
11656959150,"Jun 15, 2024, 10:28:28 AM",Ææ det var tungt🥵,Run,Veldig mye oppoverbakker for en 11k..,3510,10.72,,,false,,,activities/11656959150.gpx,,,3510.0,3494.0,10719.1904296875,7.261999607086182,3.067885160446167,96.85720825195312,96.85720825195312,0.8999999761581421,28.600000381469727,24.797035217285156,-0.018658125773072243,,,,,,,,,,,,,,,,,,8.0,,,,,0.0,150.0,0.0,,1.0,11040.2998046875,1718445568.0,3.0,16.850000381469727,16.3700008392334,10.640000343322754,0.6700000166893005,1000.530029296875,6.480000019073486,10.539999961853027,104.0,0.0,1718418304.0,1718484736.0,0.375,,,0.9900000095367432,5.0,0.949999988079071,30417.0,3.0,,,,,0.0,3.0539004802703857,7702.7001953125,,,,9668.0,,,,,3.159788131713867,,,media/1A40EA82-B27F-4ECC-9A64-9401A067E2DD.jpg
11674087087,"Jun 17, 2024, 2:08:23 PM",Ups æ bada,Run,Var digg å bade med fikk litt vondt under foten.. sku egentlig springe hjem også men droppa det da,1210,4.01,,,false,,,activities/11674087087.gpx,,,1210.0,1206.0,4009.300048828125,6.0,3.324460983276367,19.815736770629883,19.815736770629883,1.2999999523162842,31.299999237060547,18.288164138793945,-0.7308008670806885,,,,,,,,,,,,,,,,,,,,,,,,,0.0,,1.0,4030.0,1718632832.0,3.0,14.989999771118164,14.529999732971191,10.550000190734863,0.75,1006.72998046875,5.800000190734863,9.170000076293945,152.0,0.20999999344348907,1718591104.0,1718657536.0,0.375,,,0.8999999761581421,5.0,0.9300000071525574,24189.0,3.0,,,,,0.0,3.3134710788726807,3202.10009765625,,,,3304.0,,,,,3.341625213623047,,,media/F108A5BE-0C90-4D4F-9E6F-972944E3388E.jpg
11719328361,"Jun 23, 2024, 11:14:45 AM",Løp med sabbie før sankt hans feiring💖‼️,Run,,2207,5.56,,,false,,,activities/11719328361.gpx,,,2207.0,2164.0,5564.009765625,5.073998928070068,2.571169137954712,63.5740966796875,63.5740966796875,2.4000000953674316,28.700000762939453,26.862218856811523,-0.43853265047073364,,,,,,,,,,,,,,,,,,,,,,,,,0.0,,1.0,5763.5,1719140352.0,3.0,17.43000030517578,17.209999084472656,12.579999923706055,0.7300000190734863,1014.2999877929688,3.2100000381469727,6.130000114440918,254.0,0.0,1719109504.0,1719176064.0,0.625,,,0.0,1.0,0.7200000286102295,28193.0,5.0,,,,,0.0,2.521073818206787,4476.7001953125,,,,5814.0,,,,,2.6633548736572266,,,media/06BDB864-69DF-44A7-AE8E-0BB9D8581AD5.jpg
11736909938,"Jun 25, 2024, 3:10:45 PM",Vaaaaarmt🥵,Run,,3523,9.00,,,false,,,activities/11736909938.gpx,,,3523.0,3255.0,9000.4599609375,6.6945576667785645,2.765118360519409,141.38011169433594,141.4240264892578,2.4000000953674316,29.399999618530273,26.21719741821289,0.02999846637248993,,,,,,,,,,,,,,,,,,8.0,,,,,0.0,140.0,0.0,,1.0,9480.7001953125,,,,,,,,,,,,,,,,,,,,,,,,,,0.0,2.5547714233398438,7153.89990234375,,,,8618.0,,,,,2.9126574993133545,,,media/5B515018-6CA7-49EE-9436-E7C09C1FC70E.jpg
11752483688,"Jun 27, 2024, 2:13:54 PM",Løp på mølle,Run,Oppvarming før mage økt🥵,1000,3.00,,,false,,,,,,1000.0,1000.0,3000.0,,3.0,,,,,,0.0,,,,,,,,,,,,,,,,,,7.0,,,,,0.0,31.0,0.0,,0.0,,,,,,,,,,,,,,,,,,,,,,,,,,,0.0,3.0,0.0,,,,,,,,,,,,""
11772700697,"Jun 30, 2024, 8:24:37 AM",Oppover og oppover og oppover…🥵,Run,Såg en fasanfamilie! Bakken opp te ullanhaugstårnet gikk overraskende greit,1587,3.77,,,false,,,activities/11772700697.gpx,,,1587.0,1408.0,3775.360107421875,4.222021579742432,2.681363821029663,118.16072082519531,118.16072082519531,28.5,134.10000610351562,19.698434829711914,2.797084093093872,,,,,,,,,,,,,,,,,,,,,,,,,0.0,,1.0,4285.89990234375,,,,,,,,,,,,,,,,,,,,,,,,,,0.0,2.3789288997650146,1354.4000244140625,,,,3566.0,,,,,3.0439629554748535,,,media/DA0ABE14-3452-4D85-B311-6EC3DE98B3C3.jpg|media/D4E33E61-10B0-44B9-A537-4C8380541B04.jpg|media/5BBA16EA-81F7-4313-82AF-78C594B6C31D.jpg|media/605A4E43-8BC4-418E-A591-885A22E5433C.jpg
11798960902,"Jul 3, 2024, 2:23:25 PM",Afternoon Run,Run,,1657,5.16,,,false,,,activities/11798960902.gpx,,,1657.0,1645.0,5163.6201171875,5.006005764007568,3.1389787197113037,52.14595413208008,52.14595413208008,3.200000047683716,28.5,13.470686912536621,-0.09295804053544998,,,,,,,,,,,,,,,,,,,,,,,,,0.0,,1.0,5239.60009765625,,,,,,,,,,,,,,,,,,,,,,,,,,0.0,3.116246223449707,1286.5,,,,4418.0,,,,,3.185167074203491,,,""
11926180574,"Jul 16, 2024, 4:00:32 PM",Post covid run på mølle😳🙈,Run,Det føltes ikkje bra😵‍💫tung i pusten og støl i kroppen🫠,1800,4.50,,,false,,,,,,1800.0,1800.0,4500.0,,2.5,,,,,,0.0,,,,,,,,,,,,,,,,,,9.0,,,,,0.0,90.0,0.0,,0.0,,,,,,,,,,,,,,,,,,,,,,,,,,,0.0,2.5,0.0,,,,,,,,,,,,""
11926206972,"Jul 18, 2024, 2:00:00 PM",Back at it💥,Run,"Det gikk bra! Andre løp etter korona, men hadde energi og det føltes 100 ganger lettere enn forje løp.

Treningsenteret på uis e sinsykt varmt! Det suge for løping👎🏼👎🏼👎🏼👎🏼",1738,5.00,,,false,,,,,,1738.0,1738.0,5000.0,,2.8768699169158936,,,,,,0.0,,,,,,,,,,,,,,,,,,6.0,,,,,0.0,45.0,0.0,,0.0,,,,,,,,,,,,,,,,,,,,,,,,,,,0.0,2.8768699169158936,0.0,,,,,,,,,,,,""
11932610893,"Jul 20, 2024, 6:35:59 AM",Dalsnuten,Run,"Sykt digg! Fint vær og nesten helt tomt for folk på fjellet😇 litt klumsete å springe på steiner, men anklene e intakte, så det gikk veldig greit.",3059,3.35,,,false,,,activities/11932610893.gpx,,,3059.0,2297.0,3352.4599609375,4.239999771118164,1.459494948387146,174.7718048095703,174.7718048095703,157.60000610351562,320.1000061035156,49.79245376586914,0.008948653005063534,,,,,,,,,,,,,,,,,,5.0,,,,,0.0,41.0,0.0,,1.0,4528.2998046875,,,,,,,,,,,,,,,,,,,,,,,,,,0.0,1.0959333181381226,3352.5,,,,4278.0,,,,,1.9713975191116333,,,media/B62310C7-82C3-4E7C-98A1-056ECD848D7A.jpg|media/7B08ACFC-7EB3-401E-878E-A42AA4491DC6.jpg|media/860210EE-B9D2-4D52-BE1C-69AF9795609B.jpg|media/84A2445F-F78D-4A9B-9FAB-99D00B8B138D.jpg
11953922104,"Jul 22, 2024, 6:01:58 PM",3k,Run,"Igjen, treningsenteret på uis e så
JÆVLIG varmt. Det e plagsomt. Men gikk fint ellers",960,3.00,,,false,,,,,,960.0,960.0,3000.0,,3.125,,,,,,0.0,,,,,,,,,,,,,,,,,,6.0,,,,,0.0,25.0,0.0,,0.0,,,,,,,,,,,,,,,,,,,,,,,,,,,0.0,3.125,0.0,,,,,,,,,,,,""
12012007482,"Jul 29, 2024, 5:11:08 PM",Vålandstårnet og mosvannet,Run,Tungt og godt,2422,7.14,,,false,,,activities/12012007482.gpx,,,2422.0,2369.0,7148.26025390625,6.736035346984863,3.0174167156219482,79.23635864257812,79.23635864257812,22.0,84.4000015258789,25.35813331604004,-0.06714920699596405,,,,,,,,,,,,,,,,,,7.0,,,,,0.0,75.0,0.0,,1.0,7391.60009765625,,,,,,,,,,,,,,,,,,,,,,,,,,0.0,2.951387405395508,3844.60009765625,,,,6316.0,,,,,3.1201350688934326,,,media/67B058AE-A0DF-4253-9ABD-82D5D493DFCB.jpg
12029965346,"Jul 31, 2024, 6:29:48 PM",Ullanhaugstårnet og tebake,Run,"NOOOOOOO eg kom borti pauseknappen under løpeturen… 😖jaja sprang mellom 6-7 km… i underkant av 40 min.. sånn ca hvertfall. Løpeturen var sykt nice, føltes ganske lett i pusten og kroppen.",1654,4.80,,,false,,,activities/12029965346.gpx,,,1654.0,1638.0,4801.099609375,4.613989353179932,2.931074380874634,101.36927795410156,76.21063995361328,29.600000381469727,109.19999694824219,18.38234519958496,0.5477911233901978,,,,,,,,,,,,,,,,,,4.0,,,,,0.0,18.0,0.0,,1.0,5117.7998046875,,,,,,,,,,,,,,,,,,,,,,,,,,0.0,2.9027206897735596,1880.800048828125,,,,4420.0,,,,,3.124419927597046,,,media/1486BC1C-369A-43BF-AB52-981F14278D03.jpg|media/5AE885FC-2EE8-427B-961D-04A46A00419F.jpg
12036820394,"Aug 1, 2024, 3:46:04 PM",Jogga te trening,Run,,1320,3.85,,,false,,,activities/12036820394.gpx,,,1320.0,1320.0,3853.14013671875,4.876025199890137,2.9190454483032227,59.473087310791016,59.473087310791016,29.200000762939453,64.9000015258789,14.775413513183594,0.9161359071731567,,,,,,,,,,,,,,,,,,3.0,,,,,0.0,11.0,0.0,,1.0,4016.199951171875,,,,,,,,,,,,,,,,,,,,,,,,,,0.0,2.9190454483032227,459.79998779296875,,,,3496.0,,,,,3.0425758361816406,,,""
12051297516,"Aug 3, 2024, 12:05:16 PM",Oppvarming på mølle,Run,"Kokvarmt på sis som alltid😵‍💫 men selve løpingen var bra, hadde masse energi heleveien💥 1,5 incline",1038,3.00,,,false,,,,,,1038.0,1038.0,3000.0,,2.8901734352111816,,,,,,0.0,,,,,,,,,,,,,,,,,,3.0,,,,,0.0,8.0,0.0,,0.0,,,,,,,,,,,,,,,,,,,,,,,,,,,0.0,2.8901734352111816,0.0,,,,,,,,,,,,""
12077888082,"Aug 6, 2024, 2:32:10 PM",Løp te trening,Run,,1253,3.84,,,false,,,activities/12077888082.gpx,,,1253.0,1237.0,3842.93994140625,5.966668128967285,3.106661319732666,59.2566032409668,59.2566032409668,29.399999618530273,64.9000015258789,18.617021560668945,0.9133632183074951,,,,,,,,,,,,,,,,,,,,,,,,,0.0,,1.0,4006.10009765625,,,,,,,,,,,,,,,,,,,,,,,,,,0.0,3.066991090774536,459.5,,,,3318.0,,,,,3.2385611534118652,,,""
12089152285,"Aug 7, 2024, 6:36:14 PM",Siste joggetur i stavanger i sommer,Run,"Va nice, litt stiv i kneet🥴",1418,4.21,,,false,,,activities/12089152285.gpx,,,1418.0,1389.0,4214.18994140625,5.888037204742432,3.0339739322662354,66.92693328857422,66.92693328857422,22.0,75.5,22.52244758605957,0.009491740725934505,,,,,,,,,,,,,,,,,,3.0,,,,,0.0,11.0,0.0,,1.0,4407.39990234375,,,,,,,,,,,,,,,,,,,,,,,,,,0.0,2.9719252586364746,1298.0,,,,3682.0,,,,,3.173074245452881,,,media/F14F9451-4CC2-4B89-8D18-40C357308D8D.jpg
12111709943,"Aug 10, 2024, 1:53:21 PM",Fuste løpetur i Tromsø dette semesteret😎,Run,"Føltes veldig bra! Litt varmt bare, og de siste par minuttene hadde eg litt sting.",1581,5.00,,,false,,,activities/12111709943.gpx,,,1581.0,1571.0,5001.759765625,4.5,3.1838064193725586,38.09113311767578,38.09113311767578,91.30000305175781,110.0,12.089841842651367,-0.013995074667036533,,,,,,,,,,,,,,,,,,7.0,,,,,0.0,50.0,0.0,,1.0,5074.2998046875,,,,,,,,,,,,,,,,,,,,,,,,,,0.0,3.163668394088745,4872.60009765625,,,,4176.0,,,,,3.229980945587158,,,media/A353707E-98B7-4BB8-91C1-BBC2806D8402.jpg|media/CB5B8D99-AF21-46DC-ABF4-223A030D1B65.jpg
12126628243,"Aug 12, 2024, 9:19:56 AM",Perf temp😌,Run,Veldig deilig løpetur😊,3758,10.00,,,false,,,activities/12126628243.gpx,,,3758.0,3601.0,10001.2900390625,5.348046779632568,2.777364730834961,94.5620346069336,94.56791687011719,1.7999999523162842,110.19999694824219,48.58717346191406,-0.5949232578277588,,,,,,,,,,,,,,,,,,3.0,,,,,0.0,30.0,0.0,,1.0,10179.099609375,,,,,,,,,,,,,,,,,,,,,,,,,,0.0,2.6613330841064453,6675.10009765625,,,,9470.0,,,,,2.826742649078369,,,media/88DD6D06-0B1D-4D34-934C-63D019BD338C.jpg|media/C7CF8ACD-1029-434A-A51C-FA192CA7BE4C.jpg
12156193243,"Aug 15, 2024, 5:20:15 PM",Te kirkegården og tebake,Run,Rolig jogg de fusste 3 kilometrene. Ganske rask pace tebake.,2144,5.99,,,false,,,activities/12156193243.gpx,,,2144.0,2063.0,5994.35986328125,5.789990425109863,2.9056520462036133,45.81174087524414,45.81174087524414,92.19999694824219,110.0,13.503375053405762,0.04504233971238136,,,,,,,,,,,,,,,,,,,,,,,,,0.0,,1.0,6083.60009765625,,,,,,,,,,,,,,,,,,,,,,,,,,0.0,2.795876979827881,5165.89990234375,,,,5464.0,,,,,2.948909282684326,,,media/71011CE1-111D-4DBC-988B-66016E00D835.jpg|media/90753DE2-D905-4B53-86A6-B9D966851728.jpg
12180076216,"Aug 18, 2024, 1:10:25 PM",Liten luftetur,Run,Martin fikk gnagsår under foten av skonå😣,811,1.82,,,false,,,activities/12180076216.gpx,,,811.0,756.0,1823.9400634765625,4.0659990310668945,2.412619113922119,49.243858337402344,49.243858337402344,60.400001525878906,110.0,11.571813583374023,2.0998497009277344,,,,,,,,,,,,,,,,,,,,,,,,,0.0,,1.0,1991.5,,,,,,,,,,,,,,,,,,,,,,,,,,0.0,2.2490012645721436,1070.800048828125,,,,2040.0,,,,,2.6342592239379883,,,media/D44B4114-87E7-4A0C-B200-494706FFAFDB.jpg
12203349729,"Aug 21, 2024, 9:34:41 AM",UURG,Run,Det var treigt i kroppen.. e så støl etter trening på mandag😵‍💫,2502,7.00,,,false,,,activities/12203349729.gpx,,,2502.0,2487.0,7008.1904296875,5.487988471984863,2.817929267883301,81.44921112060547,81.44921112060547,60.29999923706055,110.0,47.33015441894531,-0.002853803802281618,,,,,,,,,,,,,,,,,,,,,,,,,0.0,,1.0,7230.7001953125,,,,,,,,,,,,,,,,,,,,,,,,,,0.0,2.801035165786743,5493.2998046875,,,,6816.0,,,,,2.9073984622955322,,,media/E4ACBEFF-6F2C-450F-BCC5-239AD41C47B7.jpg
12322004987,"Sep 4, 2024, 8:07:41 AM",Snørrete løp🫠🤧,Run,Fusste dag med trening etter å ha vært syk i en uke😮‍💨😪,1650,5.01,,,false,,,activities/12322004987.gpx,,,1650.0,1646.0,5009.33984375,4.627000331878662,3.0433413982391357,39.01432800292969,39.01432800292969,90.9000015258789,110.0,12.006951332092285,0.013973897323012352,,,,,,,,,,,,,,,,,,9.0,,,,,0.0,82.0,0.0,,1.0,5085.7998046875,,,,,,,,,,,,,,,,,,,,,,,,,,0.0,3.035963535308838,4939.60009765625,,,,4422.0,,,,,3.0897934436798096,,,media/1A1D4CD3-7707-4B01-BE22-322555550482.jpg
12347858622,"Sep 7, 2024, 10:03:56 AM",Hølje ned🌧️,Run,Sykt digg å løpe i regnet😮‍💨,2249,7.01,,,false,,,activities/12347858622.gpx,,,2249.0,2243.0,7011.31982421875,4.740038871765137,3.1258671283721924,75.45816802978516,75.45816802978516,60.29999923706055,110.0,11.464303016662598,0.002852529985830188,,,,,,,,,,,,,,,,,,,,,,,,,0.0,,1.0,7165.0,,,,,,,,,,,,,,,,,,,,,,,,,,0.0,3.117527723312378,5478.5,,,,6106.0,,,,,3.194382429122925,,,""
12368102065,"Sep 9, 2024, 3:32:42 PM",Litt bortfor fløya,Hike,"Fikk pressa inn en liten fjelltur etter skolen🥹 det va sykt deilig. Såg rein, og solnedgang. Blåste sykt da.",7904,6.16,,,false,,,activities/12368102065.gpx,,,7904.0,6261.0,6168.740234375,2.3799805641174316,0.9852643609046936,586.7689819335938,586.6485595703125,83.80000305175781,670.5999755859375,49.919307708740234,0.024316148832440376,,,,,,,,,,,,,,,,,,6.0,,,,,0.0,165.0,0.0,,1.0,,,,,,,,,,,,,,,,,,,,,,,,,,,0.0,0.7804580330848694,6168.7001953125,,,,10412.0,,,,,,,10412.0,media/BF7842C5-11EB-4281-8BA4-69B8EDEFBB62.jpg|media/0D9D2A68-FA8B-4D00-9888-66C0D66AD802.jpg|media/47FC523E-43E4-40AB-9518-64532AFA9D13.jpg
12380939837,"Sep 11, 2024, 6:10:20 AM",Morning Run,Run,Blir godt med frokost nå 😮‍💨🥹,1619,5.00,,,false,,,activities/12380939837.gpx,,,1619.0,1619.0,5008.66015625,4.3759765625,3.093675136566162,37.91434097290039,37.91434097290039,91.19999694824219,110.0,10.865633964538574,-0.017968878149986267,,,,,,,,,,,,,,,,,,,,,,,,,0.0,,1.0,5079.5,,,,,,,,,,,,,,,,,,,,,,,,,,0.0,3.093675136566162,4873.10009765625,,,,4358.0,,,,,3.137430429458618,,,media/E0FCC385-02C0-4FC8-8DB1-DDB97B9DADF1.jpg
12416719456,"Sep 15, 2024, 12:54:33 PM",Deilig på en søndag😮‍💨,Run,Sku egentlig ikkje springe så langt men det lukta så godt ute🥹,3401,9.40,,,false,,,activities/12416719456.gpx,,,3401.0,3363.0,9400.6904296875,5.6220703125,2.7953286170959473,130.37930297851562,130.37930297851562,2.0999999046325684,110.0,28.426115036010742,-0.263810396194458,,,,,,,,,,,,,,,,,,6.0,,,,,0.0,88.0,0.0,,1.0,9816.0,,,,,,,,,,,,,,,,,,,,,,,,,,0.0,2.7640960216522217,4672.89990234375,,,,8778.0,,,,,2.9188225269317627,,,media/0334290C-CB32-4D07-BB48-4FCDD4B6411E.jpg|media/154298D1-123B-4C18-B750-8C5BE88A3B5E.jpg|media/367C131E-458F-436F-B175-A2399899A47B.jpg
12435219995,"Sep 17, 2024, 5:37:06 PM",Rolig jogg med pookie,Run,"Veldig deilig, litt sånn halloweenstemning",1944,4.53,,,false,,,activities/12435219995.gpx,,,1944.0,1854.0,4536.83984375,4.245995998382568,2.447054862976074,74.03865051269531,74.03865051269531,77.4000015258789,126.5,13.477083206176758,0.41218116879463196,,,,,,,,,,,,,,,,,,,,,,,,,0.0,,1.0,4770.5,,,,,,,,,,,,,,,,,,,,,,,,,,0.0,2.3337652683258057,3204.39990234375,,,,4874.0,,,,,2.573085308074951,,,media/DF8ACE2E-1CCA-4BC9-85EC-4C2CDC115179.jpg
12477125422,"Sep 22, 2024, 3:01:24 PM","Brrr, litt kjølig nå🥶",Run,,1668,5.01,,,false,,,activities/12477125422.gpx,,,1668.0,1661.0,5009.58984375,5.490038871765137,3.0160083770751953,72.254638671875,72.254638671875,60.400001525878906,110.0,37.4531364440918,0.7665297985076904,,,,,,,,,,,,,,,,,,,,,,,,,0.0,,1.0,5301.2998046875,,,,,,,,,,,,,,,,,,,,,,,,,,0.0,3.0033512115478516,4336.2001953125,,,,4466.0,,,,,3.191631555557251,,,media/A5922A48-0C37-4CF6-B965-27578D998162.jpg
12523214664,"Sep 28, 2024, 11:34:43 AM",1 mil i sol og 6 grader☀️❄️,Run,Meget godt🙂‍↕️,3353,10.01,,,false,,,activities/12523214664.gpx,,,3353.0,3288.0,10012.7802734375,6.354101657867432,3.0452494621276855,87.35758209228516,87.35758209228516,1.100000023841858,110.0,11.725890159606934,-0.589246928691864,,,,,,,,,,,,,,,,,,,,,,,,,0.0,,1.0,10109.2001953125,,,,,,,,,,,,,,,,,,,,,,,,,,0.0,2.986215353012085,6826.7001953125,,,,8992.0,,,,,3.0745742321014404,,,media/86001F29-3DC6-4C31-93C3-EA3557231D3C.jpg|media/C970AF1B-2A2E-42CE-B78A-F54A934200BD.jpg
12588916760,"Oct 6, 2024, 10:52:22 AM",Folksomt ute idag🏃‍♀️,Run,,1606,5.00,,,false,,,activities/12588916760.gpx,,,1606.0,1599.0,5007.56005859375,4.641992092132568,3.1316823959350586,38.1170768737793,38.1170768737793,90.19999694824219,110.0,44.21052551269531,0.021966785192489624,,,,,,,,,,,,,,,,,,6.0,,,,,0.0,42.0,0.0,,1.0,5083.0,,,,,,,,,,,,,,,,,,,,,,,,,,0.0,3.118032455444336,4872.7001953125,,,,4366.0,,,,,3.1788618564605713,,,media/17E35EFB-7DB8-4A43-B823-63C988D8C706.jpg
12607959321,"Oct 8, 2024, 5:43:44 PM",Kveldstur med Martin🏃‍♀️🦾,Run,Va veldig digg,2568,7.01,,,false,,,activities/12607959321.gpx,,,2568.0,2537.0,7010.52001953125,5.005957126617432,2.7633109092712402,87.99771118164062,87.99771118164062,60.29999923706055,110.0,13.071906089782715,0.3623126447200775,,,,,,,,,,,,,,,,,,3.0,,,,,0.0,21.0,0.0,,1.0,7229.2001953125,,,,,,,,,,,,,,,,,,,,,,,,,,0.0,2.7299532890319824,4631.89990234375,,,,6884.0,,,,,2.8495073318481445,,,media/F5521441-37EF-42D6-8885-724CCC62DAA5.jpg
12662092835,"Oct 15, 2024, 3:15:01 PM",Afternoon Run,Run,,2025,6.01,,,false,,,activities/12662092835.gpx,,,2025.0,2009.0,6011.39013671875,4.847949028015137,2.99222993850708,69.95569610595703,69.95569610595703,60.29999923706055,110.0,11.669675827026367,0.28612351417541504,,,,,,,,,,,,,,,,,,,,,,,,,0.0,,1.0,6182.7001953125,,,,,,,,,,,,,,,,,,,,,,,,,,0.0,2.968587636947632,4984.7998046875,,,,5522.0,,,,,3.0775012969970703,,,media/42F310B2-0A9C-43D2-9D49-2460D8096E67.jpg
12690090965,"Oct 19, 2024, 7:35:41 AM",Morning Run,Run,,1968,6.00,,,false,,,activities/12690090965.gpx,,,1968.0,1949.0,6004.64990234375,9.094042778015137,3.08088755607605,69.94688415527344,69.94688415527344,60.29999923706055,110.0,13.177833557128906,0.26312941312789917,,,,,,,,,,,,,,,,,,,,,,,,,0.0,,1.0,6179.5,,,,,,,,,,,,,,,,,,,,,,,,,,0.0,3.051143169403076,5066.2998046875,,,,5274.0,,,,,3.170600414276123,,,media/CA124C9F-DDD8-462F-820C-E158A2D86577.jpg
12867926253,"Nov 10, 2024, 12:53:42 PM",Afternoon Run,Run,,2059,6.00,,,false,,,activities/12867926253.gpx,,,2059.0,2042.0,6000.7001953125,5.739999771118164,2.938638687133789,49.011295318603516,49.011295318603516,1.399999976158142,66.5999984741211,33.027523040771484,-0.2266402244567871,,,,,,,,,,,,,,,,,,,,,,,,,0.0,,1.0,6196.10009765625,,,,,,,,,,,,,,,,,,,,,,,,,,0.0,2.9143760204315186,2741.60009765625,,,,5488.0,,,,,3.0343291759490967,,,media/107691BC-07C3-4448-B401-88D9645F865C.jpg|media/FB25977E-8074-46E9-AC52-CE47AB611AF9.jpg
13403019941,"Jan 20, 2025, 7:23:42 AM",Til kraft,Walk,,2401,2.85,,,false,,,activities/13403019941.gpx,,,2401.0,2149.0,2854.800048828125,2.359999895095825,1.3284318447113037,76.27989959716797,76.27989959716797,48.0,91.4000015258789,28.16901397705078,-0.2487039417028427,,,,,,,,,,,,,,,,,,,,,,,,,0.0,,1.0,,,,,,,,,,,,,,,,,,,,,,,,,,,0.0,1.1890045404434204,2571.800048828125,,,,3876.0,,,,,,,,""
