Media Filename,Media Caption
media/FB25977E-8074-46E9-AC52-CE47AB611AF9.jpg,""
media/107691BC-07C3-4448-B401-88D9645F865C.jpg,""
media/CA124C9F-DDD8-462F-820C-E158A2D86577.jpg,""
media/42F310B2-0A9C-43D2-9D49-2460D8096E67.jpg,""
media/F5521441-37EF-42D6-8885-724CCC62DAA5.jpg,""
media/17E35EFB-7DB8-4A43-B823-63C988D8C706.jpg,""
media/C970AF1B-2A2E-42CE-B78A-F54A934200BD.jpg,""
media/86001F29-3DC6-4C31-93C3-EA3557231D3C.jpg,""
media/A5922A48-0C37-4CF6-B965-27578D998162.jpg,""
media/DF8ACE2E-1CCA-4BC9-85EC-4C2CDC115179.jpg,""
media/0334290C-CB32-4D07-BB48-4FCDD4B6411E.jpg,""
media/154298D1-123B-4C18-B750-8C5BE88A3B5E.jpg,""
media/367C131E-458F-436F-B175-A2399899A47B.jpg,""
media/E0FCC385-02C0-4FC8-8DB1-DDB97B9DADF1.jpg,""
media/47FC523E-43E4-40AB-9518-64532AFA9D13.jpg,""
media/BF7842C5-11EB-4281-8BA4-69B8EDEFBB62.jpg,""
media/0D9D2A68-FA8B-4D00-9888-66C0D66AD802.jpg,""
media/1A1D4CD3-7707-4B01-BE22-322555550482.jpg,""
media/E4ACBEFF-6F2C-450F-BCC5-239AD41C47B7.jpg,""
media/D44B4114-87E7-4A0C-B200-494706FFAFDB.jpg,""
media/71011CE1-111D-4DBC-988B-66016E00D835.jpg,""
media/90753DE2-D905-4B53-86A6-B9D966851728.jpg,""
media/C7CF8ACD-1029-434A-A51C-FA192CA7BE4C.jpg,""
media/88DD6D06-0B1D-4D34-934C-63D019BD338C.jpg,""
media/CB5B8D99-AF21-46DC-ABF4-223A030D1B65.jpg,""
media/A353707E-98B7-4BB8-91C1-BBC2806D8402.jpg,""
media/F14F9451-4CC2-4B89-8D18-40C357308D8D.jpg,""
media/1486BC1C-369A-43BF-AB52-981F14278D03.jpg,""
media/5AE885FC-2EE8-427B-961D-04A46A00419F.jpg,""
media/67B058AE-A0DF-4253-9ABD-82D5D493DFCB.jpg,""
media/B62310C7-82C3-4E7C-98A1-056ECD848D7A.jpg,""
media/84A2445F-F78D-4A9B-9FAB-99D00B8B138D.jpg,""
media/7B08ACFC-7EB3-401E-878E-A42AA4491DC6.jpg,""
media/860210EE-B9D2-4D52-BE1C-69AF9795609B.jpg,""
media/605A4E43-8BC4-418E-A591-885A22E5433C.jpg,""
media/5BBA16EA-81F7-4313-82AF-78C594B6C31D.jpg,""
media/D4E33E61-10B0-44B9-A537-4C8380541B04.jpg,""
media/DA0ABE14-3452-4D85-B311-6EC3DE98B3C3.jpg,""
media/5B515018-6CA7-49EE-9436-E7C09C1FC70E.jpg,""
media/06BDB864-69DF-44A7-AE8E-0BB9D8581AD5.jpg,""
media/F108A5BE-0C90-4D4F-9E6F-972944E3388E.jpg,""
media/DE99BC39-5951-496E-BC97-495C7FB4BD5D.jpg,""
media/F9A7C297-147C-4542-B3B5-2F6C7D0FCDE3.jpg,""
media/1FB480D7-C328-42C5-8A9B-01151C5FDB2F.jpg,""
media/4BF80DFD-3A7A-4E76-B2AF-E3286058BD14.jpg,""
media/1C7F6E96-FF99-4238-85EE-9433D2BD6D26.jpg,""
media/A759DFC6-4224-43FA-8CFA-18F8985C8056.jpg,""
media/73F9B4BA-16CB-4724-9BBF-02EF286E3CE9.jpg,""
media/9DD7888F-FC49-4ECC-AEE1-E4C38F2695F6.jpg,""
media/562F0A5A-0779-4737-9810-826C394AC7CD.jpg,""
media/D5174C9E-9542-4D3E-B0AC-4BFBCCF8A728.jpg,""
media/A923B9E7-3983-4473-8C5F-FC5A020C2991.jpg,""
media/D93C47D9-079F-4E92-B092-12A6E562974C.jpg,""
media/15FA89F4-91F7-45A1-8C6C-525272512726.jpg,""
media/46284B7B-0370-4C5C-A8FA-CEC23766BA1B.jpg,""
media/93B2EA35-6F7B-49AE-BED1-261550F82E86.jpg,""
media/93067FFF-C006-48D1-BC72-9D3C6641B21F.mp4,""
media/35529E64-4AC9-44A6-A285-F92AB1BC56A3.jpg,""
media/B119778F-2011-4784-A434-0425CFFEF1EF.jpg,""
media/B9C145EB-6667-4618-9BAC-ED4D635B4F6B.jpg,""
media/A4EB0B08-281B-4F77-B376-1F6A2D2E5B10.jpg,""
media/683F2556-A97F-4A2F-A2D1-0495EBBD815F.jpg,""
media/237EBC57-57BD-470B-B176-829BE0B52423.jpg,""
media/F2F78DC7-C6E4-493F-B42C-F096B761C3EB.jpg,""
media/1A40EA82-B27F-4ECC-9A64-9401A067E2DD.jpg,""
media/995194E5-1508-44C3-A0F0-B2795E0C2E39.jpg,""
media/6DD4200E-5443-4D7C-A824-B0396B6B3839.jpg,""
media/07933B7E-5C11-4BD5-B8E7-72BB48F6F9CE.jpg,""
